{
  "src\\main.ts": 1776453084.7883453,
  "tests\\ui.spec.ts": 1776393667.1439974,
  "AI_AGENTS.md": 1776383144.3489091,
  "AI_RULES.md": 1776383123.7724211,
  "AI_WORKFLOW.md": 1776383131.4290552,
  "SYSTEM_PROMPT.md": 1776383896.9239335,
  "TEST_PLAN.md": 1776383241.4517047,
  "graphify-out\\GRAPH_REPORT.md": 1776453932.2208564,
  "tests\\ui.spec.ts-snapshots\\dark-mode-win32.png": 1776425972.8642461,
  "tests\\ui.spec.ts-snapshots\\light-mode-win32.png": 1776425969.0500278
}